City ID,City,Country,Lat,Lng,Max Temp,Humidity,Cloudiness,Wind Speed,Current Description
0,Vaini,TO,-21.2,-175.2,82.56,83,40,10.36,scattered clouds
1,Atuona,PF,-9.8,-139.0333,78.39,71,100,18.48,overcast clouds
2,Tay Ninh,VN,11.3,106.1,77.4,87,100,3.02,overcast clouds
3,Mataura,NZ,-46.1927,168.8643,57.25,59,65,6.67,broken clouds
4,Butaritari,KI,3.0707,172.7902,81.7,72,31,12.26,scattered clouds
5,Port Elizabeth,ZA,-33.918,25.5701,51.1,65,98,7.72,overcast clouds
6,Tuktoyaktuk,CA,69.4541,-133.0374,27.05,79,60,9.31,broken clouds
7,Cape Town,ZA,-33.9258,18.4232,53.28,66,0,10.2,clear sky
8,Marawi,PH,7.9986,124.2928,74.64,70,91,0.92,overcast clouds
9,Dolores,AR,-36.3132,-57.6792,49.91,94,77,10.27,broken clouds
10,Matagami,CA,49.7502,-77.6328,39.31,100,90,9.22,overcast clouds
11,Bay City,US,43.5945,-83.8889,53.94,63,1,8.05,clear sky
12,Hamilton,US,39.1834,-84.5333,57.72,72,1,1.01,clear sky
13,Saint-Philippe,RE,-21.3585,55.7679,71.15,81,48,13.15,scattered clouds
14,Chuy,UY,-33.6971,-53.4616,50.81,74,13,6.55,few clouds
15,Cherskiy,RU,68.75,161.3,-5.01,99,98,2.62,overcast clouds
16,Provideniya,RU,64.3833,-173.3,28.51,54,75,8.95,broken clouds
17,Rikitea,PF,-23.1203,-134.9692,75.58,76,16,13.98,light rain
18,Vondrozo,MG,-22.8167,47.2833,58.87,94,0,1.19,clear sky
19,Iqaluit,CA,63.7506,-68.5145,33.53,86,75,18.01,broken clouds
20,Punta Arenas,CL,-53.15,-70.9167,50.11,71,0,21.85,clear sky
21,Busselton,AU,-33.65,115.3333,67.05,71,14,13.91,few clouds
22,Shuiji,CN,27.4214,118.345,56.28,92,100,2.48,overcast clouds
23,Bredasdorp,ZA,-34.5322,20.0403,48.88,69,16,3.29,few clouds
24,Port Alfred,ZA,-33.5906,26.891,54.01,69,80,9.37,broken clouds
25,Yanam,IN,16.7333,82.2167,81.0,95,100,1.9,overcast clouds
26,Alofi,NU,-19.0595,-169.9187,77.27,78,25,20.29,light rain
27,Bluff,NZ,-46.6,168.3333,53.06,63,6,14.2,clear sky
28,East London,ZA,-33.0153,27.9116,54.99,66,41,11.97,scattered clouds
29,Bullhead City,US,35.1478,-114.5683,86.29,10,1,16.11,clear sky
30,Ushuaia,AR,-54.8,-68.3,49.66,57,20,6.91,few clouds
31,Albany,US,42.6001,-73.9662,51.75,77,80,1.01,broken clouds
32,Elk,PL,53.8282,22.3647,46.15,80,98,11.25,overcast clouds
33,Hamada,JP,34.8833,132.0833,60.24,55,44,7.7,scattered clouds
34,Kapaa,US,22.0752,-159.319,82.38,78,1,5.01,moderate rain
35,New Norfolk,AU,-42.7826,147.0587,60.66,49,100,5.99,light rain
36,Portland,US,45.5234,-122.6762,59.85,83,20,1.01,few clouds
37,Waipawa,NZ,-41.4122,175.5153,59.63,61,0,17.36,clear sky
38,Longyearbyen,SJ,78.2186,15.6401,12.11,86,24,1.7,few clouds
39,Maltahohe,NA,-24.8333,16.9833,50.13,19,2,15.61,clear sky
40,Nantucket,US,41.2835,-70.0995,60.1,70,1,10.36,clear sky
41,Airai,TL,-8.9266,125.4092,74.88,54,78,1.16,broken clouds
42,Jamestown,US,42.097,-79.2353,52.72,92,90,5.99,light rain
43,Acapulco,MX,16.8634,-99.8901,81.21,84,54,6.62,broken clouds
44,Santo Antonio Do Leverger,BR,-15.8656,-56.0767,84.58,63,92,2.33,overcast clouds
45,Arraial Do Cabo,BR,-22.9661,-42.0278,69.71,86,100,5.46,overcast clouds
46,Severo-Kurilsk,RU,50.6789,156.125,40.35,82,46,46.77,scattered clouds
47,Victoria,HK,22.2855,114.1577,75.25,73,89,4.0,overcast clouds
48,Kropotkin,RU,45.4375,40.5756,53.4,69,12,6.46,few clouds
49,Rovaniemi,FI,66.5,25.7167,35.01,93,90,14.97,light intensity shower rain
50,Prince George,CA,53.9166,-122.753,40.24,89,100,1.99,overcast clouds
51,Tiarei,PF,-17.5333,-149.3333,86.02,78,37,22.57,light rain
52,Ribeira Grande,PT,38.5167,-28.7,70.29,83,25,15.5,scattered clouds
53,Padang,ID,-0.9492,100.3543,77.05,79,100,0.58,overcast clouds
54,Ghimbav,RO,45.6667,25.5,47.86,81,80,1.01,light rain
55,Xiaoweizhai,CN,26.1903,107.5125,53.98,82,16,1.41,few clouds
56,Kiunga,PG,-6.1219,141.2906,90.45,57,100,1.57,light rain
57,Bowen,AU,-20.0167,148.2333,81.55,69,1,11.48,clear sky
58,Novonikolsk,RU,43.8506,131.8645,44.38,36,100,9.86,overcast clouds
59,Gurlan,UZ,41.8447,60.3919,40.91,28,0,7.78,clear sky
60,Raudeberg,NO,61.9875,5.1352,36.95,65,10,7.29,clear sky
61,Othaya,KE,-0.5652,36.9609,62.28,88,94,1.97,overcast clouds
62,Kudahuvadhoo,MV,2.6708,72.8944,83.1,72,75,14.52,broken clouds
63,Vuktyl,RU,63.8567,57.3094,37.92,88,100,11.74,overcast clouds
64,Saskylakh,RU,71.9167,114.0833,17.74,95,100,9.17,light snow
65,Port Keats,AU,-14.25,129.55,90.39,53,96,7.7,overcast clouds
66,Los Llanos De Aridane,ES,28.6585,-17.9182,67.75,88,0,5.75,clear sky
67,Sept-Iles,CA,50.2001,-66.3821,50.52,97,90,18.99,overcast clouds
68,Lagoa,PT,39.05,-27.9833,68.99,85,2,18.61,clear sky
69,Hermanus,ZA,-34.4187,19.2345,52.9,70,0,6.31,clear sky
70,Pasighat,IN,28.0667,95.3333,78.73,74,40,1.45,scattered clouds
71,Hobart,AU,-42.8794,147.3294,61.02,58,75,4.0,light rain
72,Dikson,RU,73.5069,80.5464,31.15,99,100,6.06,light snow
73,Hun,LY,29.1268,15.9477,69.85,42,1,14.32,clear sky
74,Tecoanapa,MX,16.5167,-98.75,81.57,80,93,6.02,overcast clouds
75,Adrar,MR,20.5022,-10.0711,84.36,11,100,8.84,overcast clouds
76,Cidreira,BR,-30.1811,-50.2056,60.31,82,61,12.62,broken clouds
77,Torbay,CA,47.6666,-52.7314,43.57,97,90,10.36,mist
78,Kavaratti,IN,10.5669,72.642,81.82,78,100,16.55,overcast clouds
79,Jablanica,BA,43.6603,17.7617,42.67,86,2,3.53,clear sky
80,Olenino,RU,56.2092,33.4889,41.38,92,100,9.31,moderate rain
81,Ponta Do Sol,PT,32.6667,-17.1,72.72,65,55,2.1,broken clouds
82,Alice Springs,AU,-23.7,133.8833,90.95,27,0,14.97,clear sky
83,Kilis,TR,36.7161,37.115,61.03,86,0,4.92,clear sky
84,Bethel,US,41.3712,-73.414,55.0,84,1,3.44,clear sky
85,Komsomolskiy,UZ,40.4272,71.7189,50.72,62,100,4.61,haze
86,Hami,CN,42.8,93.45,50.31,26,0,7.76,clear sky
87,Hithadhoo,MV,-0.6,73.0833,81.77,77,100,12.77,overcast clouds
88,Mbandaka,CD,0.0487,18.2603,72.07,95,100,1.79,overcast clouds
89,Tank,PK,32.2217,70.3793,75.42,24,0,2.62,clear sky
90,Constitucion,CL,-35.3333,-72.4167,52.97,79,0,11.01,clear sky
91,Lorengau,PG,-2.0226,147.2712,86.05,66,12,9.95,few clouds
92,San Patricio,US,28.017,-97.5169,71.83,56,100,6.85,overcast clouds
93,Tilichiki,RU,60.4667,166.1,21.09,87,100,17.67,light snow
94,Guaymas,MX,27.9333,-110.9,82.89,57,75,11.5,broken clouds
95,Mar Del Plata,AR,-38.0023,-57.5575,53.13,25,70,1.01,broken clouds
96,Puerto Escondido,MX,15.85,-97.0667,77.83,73,90,5.75,overcast clouds
97,Ilulissat,GL,69.2167,-51.1,15.82,35,3,39.12,clear sky
98,Kodiak,US,57.79,-152.4072,43.29,96,100,30.96,moderate rain
99,Bondo,CD,3.8146,23.6866,69.26,100,100,1.86,light rain
100,Bonavista,CA,48.6499,-53.1147,43.12,93,100,11.12,overcast clouds
101,Klaksvik,FO,62.2266,-6.589,47.32,77,100,26.31,overcast clouds
102,Iglesias,IT,39.3114,8.535,58.75,87,0,0.54,clear sky
103,Brodokalmak,RU,55.5748,62.082,45.5,56,100,7.02,overcast clouds
104,Ballinasloe,IE,53.3275,-8.2194,57.74,87,100,10.96,light rain
105,Upernavik,GL,72.7868,-56.1549,22.41,51,45,6.8,scattered clouds
106,Chokurdakh,RU,70.6333,147.9167,-6.36,100,91,2.77,overcast clouds
107,Wattegama,LK,6.7989,81.4808,77.92,71,22,2.28,few clouds
108,Avarua,CK,-21.2078,-159.775,77.05,78,75,10.36,broken clouds
109,Coquimbo,CL,-29.9533,-71.3436,58.3,75,0,4.07,clear sky
110,Beira,MZ,-19.8436,34.8389,78.1,81,90,3.91,overcast clouds
111,Saldanha,ZA,-33.0117,17.9442,55.9,74,0,14.76,clear sky
112,Elizabeth City,US,36.2946,-76.2511,62.02,72,40,1.01,scattered clouds
113,Georgetown,MY,5.4112,100.3354,81.9,83,99,1.01,overcast clouds
114,Baherden,TM,38.4362,57.4316,55.56,17,0,7.29,clear sky
115,Mount Gambier,AU,-37.8333,140.7667,59.47,58,25,10.07,scattered clouds
116,Zyryanka,RU,65.75,150.85,11.19,79,100,13.91,overcast clouds
117,Ulychne,UA,49.2338,23.6511,39.06,84,97,4.47,overcast clouds
118,Shoreview,US,45.0791,-93.1472,60.67,65,1,0.0,clear sky
119,Mandan,US,46.8267,-100.8896,61.57,60,1,4.0,clear sky
120,Bengkulu,ID,-3.8004,102.2655,73.83,96,100,6.13,overcast clouds
121,Port Lincoln,AU,-34.7333,135.8667,62.85,62,18,10.4,few clouds
122,Nanortalik,GL,60.1432,-45.2371,35.28,87,100,1.66,overcast clouds
123,Pisco,PE,-13.7,-76.2167,62.02,82,98,16.11,overcast clouds
124,Castro,BR,-24.7911,-50.0119,56.48,98,100,8.34,overcast clouds
125,Clinton,US,42.587,-82.9199,57.22,61,20,4.0,few clouds
126,Cabra,ES,37.4725,-4.4421,65.89,56,100,3.09,overcast clouds
127,Esperance,AU,-33.8667,121.9,66.31,69,0,7.72,clear sky
128,Ixtapa,MX,20.7,-105.2,85.23,74,75,2.3,thunderstorm
129,Mogadishu,SO,2.0371,45.3438,78.35,83,57,13.71,broken clouds
130,Srandakan,ID,-7.9386,110.2506,83.59,68,78,2.42,broken clouds
131,Quatre Cocos,MU,-20.2078,57.7625,72.09,68,82,15.48,broken clouds
132,Norman Wells,CA,65.282,-126.8329,21.18,96,21,2.44,few clouds
133,Abu Dhabi,AE,24.4667,54.3667,86.63,55,0,5.46,clear sky
134,Oranjemund,NA,-28.55,16.4333,54.86,70,0,11.68,clear sky
135,Lieksa,FI,63.3167,30.0167,36.72,86,100,13.49,overcast clouds
136,Raciborz,PL,50.0919,18.2193,44.04,72,100,2.44,overcast clouds
137,Barrow,US,71.2906,-156.7887,21.22,63,90,5.75,overcast clouds
138,Gigmoto,PH,13.7796,124.39,83.41,77,95,7.92,moderate rain
139,Diffa,NE,13.3154,12.6113,84.02,52,50,1.81,scattered clouds
140,Cockburn Town,TC,21.4612,-71.1419,82.27,75,58,6.13,broken clouds
141,Pringsewu,ID,-5.3582,104.9744,80.42,82,100,2.73,overcast clouds
142,Nabire,ID,-3.3667,135.4833,86.4,60,71,3.29,broken clouds
143,Narsaq,GL,60.9167,-46.05,32.22,55,81,5.7,broken clouds
144,Clyde River,CA,70.4692,-68.5914,28.51,80,100,14.83,overcast clouds
145,Mihara,JP,34.4,133.0833,66.45,53,1,7.52,clear sky
146,Glendive,US,47.1053,-104.7125,59.49,56,1,3.44,clear sky
147,Paltinis,RO,48.2167,26.65,44.98,75,56,3.87,broken clouds
148,Aklavik,CA,68.2191,-135.0107,21.76,81,21,8.97,few clouds
149,Belmonte,BR,-15.8631,-38.8828,77.5,86,56,9.15,broken clouds
150,Buraydah,SA,26.326,43.975,73.24,30,0,7.74,clear sky
151,Kavieng,PG,-2.5744,150.7967,84.9,69,86,12.48,overcast clouds
152,Krusa,DK,54.851,9.4013,53.6,97,100,10.36,light rain
153,Qaanaaq,GL,77.484,-69.3632,22.91,74,100,12.59,overcast clouds
154,Goya,AR,-29.14,-59.2626,61.18,58,0,7.63,clear sky
155,Waingapu,ID,-9.6567,120.2641,86.16,65,95,11.27,overcast clouds
156,Dwarka,IN,22.2394,68.9678,80.62,64,5,14.7,clear sky
157,Narasannapeta,IN,18.4167,84.05,78.75,91,100,3.15,overcast clouds
158,Vanavara,RU,60.34,102.2797,33.19,81,100,7.52,overcast clouds
159,Yar-Sale,RU,66.8333,70.8333,39.88,92,100,17.63,overcast clouds
160,Deputatskiy,RU,69.3,139.9,-8.64,96,65,2.3,broken clouds
161,Tahoua,NE,14.8888,5.2692,80.49,38,98,8.95,overcast clouds
162,Hilo,US,19.7297,-155.09,77.79,83,90,5.75,light rain
163,Yellowknife,CA,62.456,-114.3525,35.42,98,100,11.18,overcast clouds
164,Hanna,CA,51.6334,-111.9018,60.85,30,80,7.0,broken clouds
165,Tabas,IR,33.5959,56.9244,65.64,20,0,3.6,clear sky
166,Souillac,MU,-20.5167,57.5167,72.36,78,40,12.66,scattered clouds
167,Kommunisticheskiy,RU,61.6789,64.4819,38.05,85,98,7.96,overcast clouds
168,Boyolangu,ID,-8.1181,111.8935,85.15,64,53,1.99,broken clouds
169,Nur,PL,52.6683,22.3221,45.45,74,100,11.01,overcast clouds
170,Khatanga,RU,71.9667,102.5,32.77,98,100,12.3,light snow
171,Puerto Ayora,EC,-0.7393,-90.3518,70.56,89,100,5.99,overcast clouds
172,Kruisfontein,ZA,-34.0033,24.7314,48.88,77,81,6.62,light rain
173,Palomares,MX,17.15,-95.0667,71.94,88,100,13.24,overcast clouds
174,Faanui,PF,-16.4833,-151.75,80.56,77,19,16.87,light rain
175,Ereymentau,KZ,51.6199,73.1033,37.74,63,16,7.56,few clouds
176,Maningrida,AU,-12.0667,134.2667,92.73,45,100,5.75,overcast clouds
177,Flinders,AU,-34.5833,150.8552,75.18,50,0,1.99,clear sky
178,Muisne,EC,0.6,-80.0333,74.64,85,100,7.83,overcast clouds
179,Carnarvon,AU,-24.8667,113.6333,71.67,53,75,5.75,broken clouds
180,Tasiilaq,GL,65.6145,-37.6368,28.56,43,29,13.38,scattered clouds
181,Nikolskoye,RU,59.7035,30.7861,41.02,78,35,11.03,scattered clouds
182,Aykhal,RU,66.0,111.5,32.2,97,100,21.7,light snow
183,Thompson,CA,55.7435,-97.8558,42.13,73,31,8.7,scattered clouds
184,Yingkou,CN,40.6648,122.2283,57.02,54,100,21.12,overcast clouds
185,Zychlin,PL,52.244,19.6261,48.22,84,100,10.13,overcast clouds
186,Hailar,CN,49.2,119.7,26.8,64,1,4.18,clear sky
187,Novyy Urgal,RU,51.0736,132.5642,26.38,38,7,2.95,clear sky
188,Poso,ID,-1.3959,120.7524,86.34,61,18,0.89,few clouds
189,Lala,PH,7.9745,123.7458,87.22,68,97,2.26,overcast clouds
190,Pangnirtung,CA,66.1451,-65.7125,30.63,52,100,6.26,overcast clouds
191,Morondava,MG,-20.2833,44.2833,77.0,78,82,6.26,broken clouds
192,Mantua,IT,45.1667,10.7833,51.82,68,59,2.62,broken clouds
193,Elverum,NO,60.8819,11.5623,30.52,66,0,2.26,clear sky
194,Ostrovnoy,RU,68.0531,39.5131,38.48,82,100,4.7,overcast clouds
195,Balkhash,KZ,46.844,74.9804,36.21,69,0,15.66,clear sky
196,Hofn,IS,64.2539,-15.2082,37.96,97,100,28.7,light rain
197,Guerrero Negro,MX,27.9769,-114.0611,70.93,64,100,13.49,overcast clouds
198,Bilma,NE,18.6853,12.9164,82.09,28,70,8.52,broken clouds
199,Pevek,RU,69.7008,170.3133,7.99,95,100,3.96,overcast clouds
200,Northam,GB,51.0333,-4.2167,56.43,91,100,10.04,overcast clouds
201,Lebu,CL,-37.6167,-73.65,50.94,85,0,18.79,clear sky
202,Nandgaon,IN,20.3167,74.65,71.71,73,35,9.64,scattered clouds
203,Luderitz,NA,-26.6481,15.1594,58.96,48,68,15.55,broken clouds
204,Hlotse,LS,-28.8718,28.045,41.85,33,0,1.14,clear sky
205,Zhangye,CN,38.9342,100.4517,48.42,24,8,2.66,clear sky
206,San Andres,CO,12.5847,-81.7006,83.3,76,54,9.71,broken clouds
207,Karaton,ID,-6.3424,106.1045,82.96,74,100,6.24,light rain
208,Chicama,PE,-7.8447,-79.1469,59.54,84,70,6.31,broken clouds
209,Nome,US,64.5011,-165.4064,30.27,59,1,13.8,clear sky
210,Hanmer Springs,NZ,-42.5167,172.8167,59.65,63,35,12.24,scattered clouds
211,Rawah,IQ,34.4816,41.9093,68.85,47,0,9.33,clear sky
212,Meadow Lake,US,34.8014,-106.5436,68.72,39,70,9.86,broken clouds
213,Walla Walla,US,46.0646,-118.343,68.45,59,1,1.99,clear sky
214,Vardo,NO,70.3705,31.1107,36.82,85,100,34.9,overcast clouds
215,Trapani,IT,37.8333,12.6667,60.98,81,0,3.89,clear sky
216,Kyaikkami,MM,16.08,97.5675,75.97,87,100,8.34,overcast clouds
217,Sao Filipe,CV,14.8961,-24.4956,79.09,75,0,6.96,clear sky
218,Poum,NC,-20.2333,164.0167,76.35,83,100,6.31,light rain
219,Svetlogorsk,BY,52.6333,29.7333,38.34,83,100,8.41,overcast clouds
220,Zmeinogorsk,RU,51.1567,82.195,34.29,77,0,1.52,clear sky
221,Ilebo,CD,-4.3167,20.5833,71.33,95,85,1.83,overcast clouds
222,Mana,GF,5.6592,-53.7767,79.2,89,98,7.78,overcast clouds
223,Tuatapere,NZ,-46.1333,167.6833,53.47,70,63,7.72,broken clouds
224,Cabedelo,BR,-6.9811,-34.8339,77.86,82,57,10.29,broken clouds
225,Mbaiki,CF,3.8678,17.9892,69.58,98,100,1.59,overcast clouds
226,San Pedro,PH,14.35,121.0167,82.35,86,72,13.29,broken clouds
227,Biak,ID,-0.9131,122.8766,83.57,70,17,1.97,few clouds
228,Chenghai,CN,23.4632,116.768,72.37,68,6,4.81,clear sky
229,Narrabri,AU,-30.3167,149.7833,75.52,49,100,1.01,overcast clouds
230,Candido Mendes,BR,-1.4467,-45.7167,76.17,88,22,2.66,few clouds
231,Mersing,MY,2.4312,103.8405,80.64,77,96,4.85,overcast clouds
232,Ust-Uda,RU,54.1742,103.0304,28.42,79,18,2.15,few clouds
233,Bilibino,RU,68.0546,166.4372,-0.94,95,71,2.86,broken clouds
234,Laguna,US,38.421,-121.4238,69.24,61,90,8.99,overcast clouds
235,Nieuw Amsterdam,SR,5.8833,-55.0833,82.02,86,100,8.37,overcast clouds
236,San Policarpo,PH,12.1791,125.5072,83.8,78,47,8.1,scattered clouds
237,Planadas,CO,3.197,-75.6451,67.8,91,100,2.68,overcast clouds
238,Puri,IN,19.8,85.85,82.71,81,100,13.73,heavy intensity rain
239,Tiksi,RU,71.6872,128.8694,10.04,90,99,10.4,overcast clouds
240,Birao,CF,10.2849,22.7882,74.77,79,98,3.13,overcast clouds
241,Skibbereen,IE,51.55,-9.2667,58.8,98,100,21.45,moderate rain
242,Seoul,KR,37.5683,126.9778,49.44,35,97,2.48,overcast clouds
243,Inyonga,TZ,-6.7167,32.0667,74.82,49,97,3.67,overcast clouds
244,Siparia,TT,10.1333,-61.5,83.07,91,9,1.01,clear sky
245,Trikala,GR,39.5553,21.7675,59.97,81,94,0.94,overcast clouds
246,Toowoomba,AU,-27.55,151.9667,60.57,77,100,7.25,overcast clouds
247,Mandera,KE,3.9366,41.867,77.32,68,49,13.0,scattered clouds
248,Egvekinot,RU,66.3167,-179.1667,17.8,74,100,3.8,overcast clouds
249,Hualmay,PE,-11.0964,-77.6139,63.23,85,100,8.99,overcast clouds
250,Trelew,AR,-43.249,-65.3051,50.99,54,0,9.01,clear sky
251,Lodhikheda,IN,21.5833,78.8333,75.92,98,100,4.5,overcast clouds
252,Hambantota,LK,6.1241,81.1185,79.14,89,20,8.05,few clouds
253,Lasa,IT,46.6166,10.7002,35.62,52,100,4.32,overcast clouds
254,Maibong,IN,25.3,93.1667,74.21,82,96,0.92,overcast clouds
255,Trincomalee,LK,8.5711,81.2335,80.51,75,100,20.2,overcast clouds
256,U Thong,TH,14.3751,99.8923,72.03,97,100,4.7,light rain
257,Grand Forks,US,47.9417,-97.4337,57.13,69,1,10.36,clear sky
258,Redlands,US,34.0556,-117.1825,74.35,31,1,11.5,clear sky
259,San Quintin,MX,30.4833,-115.95,66.9,71,0,10.76,clear sky
260,Mahebourg,MU,-20.4081,57.7,72.25,78,40,12.66,scattered clouds
261,Abu Kamal,SY,34.4506,40.9171,68.79,54,0,9.22,clear sky
262,Anaco,VE,9.4389,-64.4728,77.79,72,17,5.26,few clouds
263,Bumbuna,SL,9.05,-11.7333,71.53,98,85,1.59,light rain
264,Vila Franca Do Campo,PT,37.7167,-25.4333,72.01,93,100,15.79,overcast clouds
265,Bullas,ES,38.0467,-1.6723,60.03,81,8,0.38,clear sky
266,Capitao Poco,BR,-1.7464,-47.0594,73.94,95,98,5.41,overcast clouds
267,Salem,IN,11.65,78.1667,73.65,96,100,2.55,overcast clouds
268,Jibuti,DJ,11.5,42.5,78.3,60,11,4.97,few clouds
269,Kaitangata,NZ,-46.2817,169.8464,51.91,87,97,8.39,overcast clouds
270,Tres Arroyos,AR,-38.3739,-60.2798,43.12,87,0,5.26,clear sky
271,Gazli,UZ,40.1333,63.45,51.71,31,0,10.27,clear sky
272,Lengshuitan,CN,26.4111,111.5956,56.66,77,71,3.76,broken clouds
273,Bissora,GW,12.2231,-15.4475,76.24,73,100,3.8,overcast clouds
274,Olavarria,AR,-36.8927,-60.3225,49.86,80,16,10.76,few clouds
275,Newport,GB,51.5877,-2.9984,54.77,92,100,7.2,overcast clouds
276,Chipinge,ZW,-20.1883,32.6236,62.4,87,92,4.09,overcast clouds
277,Fairview,US,40.8126,-73.999,56.43,71,20,11.99,few clouds
278,Khargone,IN,21.8167,75.6,74.05,91,100,6.35,overcast clouds
279,Port Hardy,CA,50.6996,-127.4199,47.25,78,2,10.8,clear sky
280,Sioux Lookout,CA,50.1001,-91.917,44.69,70,2,2.66,clear sky
281,Bubaque,GW,11.2833,-15.8333,80.62,73,99,9.42,overcast clouds
282,Byron Bay,AU,-28.65,153.6167,77.7,60,93,10.09,overcast clouds
283,Tateyama,JP,34.9833,139.8667,63.1,61,45,19.22,scattered clouds
284,Sitka,US,57.0531,-135.33,46.29,66,75,3.44,broken clouds
285,Bitburg,DE,49.9667,6.5333,42.8,88,9,0.47,clear sky
286,Bolzano,IT,46.4927,11.3336,49.28,96,100,3.0,overcast clouds
287,Baruun-Urt,MN,46.6806,113.2792,30.18,63,6,6.51,clear sky
288,Grand Gaube,MU,-20.0064,57.6608,72.37,79,21,7.0,few clouds
289,Hauterive,FR,46.0901,3.4459,48.96,76,98,3.65,overcast clouds
290,Carutapera,BR,-1.195,-46.02,78.85,82,16,6.46,few clouds
291,Arlit,NE,18.7369,7.3853,85.62,28,96,4.9,overcast clouds
292,Haapiti,PF,-17.5667,-149.8667,85.73,77,11,19.3,light rain
293,Udachnyy,RU,66.4167,112.4,33.49,97,100,19.13,light snow
294,Ancud,CL,-41.8697,-73.8203,48.61,80,69,3.49,broken clouds
295,Karratha,AU,-20.7377,116.8463,75.92,42,4,8.61,clear sky
296,Randudongkal,ID,-7.0981,109.3243,83.62,69,38,4.05,heavy intensity rain
297,Sosnovo-Ozerskoye,RU,52.5249,111.5418,23.67,78,6,6.71,clear sky
298,Terre Haute,US,39.4667,-87.4139,54.97,80,1,3.44,clear sky
299,Ballina,AU,-28.8667,153.5667,77.77,60,98,10.6,overcast clouds
300,Plettenberg Bay,ZA,-34.0527,23.3716,51.4,77,81,4.79,broken clouds
301,Grindavik,IS,63.8424,-22.4338,41.47,87,90,20.71,heavy intensity rain
302,Le Passage,FR,44.2014,0.6028,59.54,100,70,2.3,mist
303,Tezu,IN,27.9167,96.1667,79.66,67,11,1.86,few clouds
304,Rawson,AR,-43.3002,-65.1023,50.5,63,0,9.26,clear sky
305,Verkhnyaya Sinyachikha,RU,57.976,61.6673,39.27,75,100,6.87,overcast clouds
306,Ulkan,RU,57.243,107.3223,25.93,83,71,3.65,broken clouds
307,Vestmannaeyjar,IS,63.4427,-20.2734,44.28,87,100,40.4,moderate rain
308,Gat,IL,31.61,34.7642,69.4,75,30,2.28,scattered clouds
309,Geraldton,AU,-28.7667,114.6,68.13,55,0,10.36,clear sky
310,Marathon,US,44.9,-89.7668,53.19,53,1,6.91,clear sky
311,Salalah,OM,17.0151,54.0924,75.29,78,75,3.44,broken clouds
312,Yamada,JP,39.4667,141.95,54.45,48,10,1.83,clear sky
313,Marihatag,PH,8.7936,126.2969,81.75,82,100,0.54,overcast clouds
314,Alyangula,AU,-13.8483,136.4192,86.09,62,78,6.11,broken clouds
315,Evanston,US,42.0411,-87.6901,58.1,52,1,3.44,clear sky
316,Vestmanna,FO,62.1564,-7.1664,45.52,100,90,21.85,overcast clouds
317,Nizhneangarsk,RU,55.7833,109.55,24.1,59,29,4.34,scattered clouds
318,Dukat,RU,62.55,155.55,1.42,91,100,12.64,overcast clouds
319,Nortelandia,BR,-14.4547,-56.8028,78.49,75,100,1.25,overcast clouds
320,Candelaria,PH,13.9311,121.4233,80.38,80,61,8.16,broken clouds
321,Batagay,RU,67.6333,134.6333,4.6,88,85,2.91,overcast clouds
322,Faya,SA,18.3851,42.4509,61.32,25,8,4.74,clear sky
323,Mount Isa,AU,-20.7333,139.5,92.97,14,90,11.5,overcast clouds
324,Nagai,JP,38.1036,140.035,56.57,70,90,1.79,overcast clouds
325,Palauig,PH,15.435,119.9045,84.9,67,56,1.5,broken clouds
326,Balkanabat,TM,39.5108,54.3671,62.64,16,0,5.37,clear sky
327,Togur,RU,58.3631,82.8265,35.76,93,100,5.37,overcast clouds
328,Saint-Augustin,CA,51.226,-58.6502,43.32,89,100,17.92,overcast clouds
329,Valle Hermoso,MX,25.6667,-97.8333,75.34,54,95,7.7,overcast clouds
330,Hasaki,JP,35.7333,140.8333,61.29,57,100,17.11,overcast clouds
331,Kama,RU,56.3051,54.0936,45.97,68,100,7.43,overcast clouds
332,Belebey,RU,54.1167,54.1167,45.66,85,100,5.19,moderate rain
333,Cedar City,US,37.6775,-113.0619,59.97,32,1,17.27,clear sky
334,Manzhouli,CN,49.6,117.4333,30.04,57,9,5.77,clear sky
335,Linqiong,CN,30.4159,103.4609,54.34,84,100,1.59,overcast clouds
336,Manicore,BR,-5.8092,-61.3003,73.29,98,100,3.51,overcast clouds
337,Mastic Beach,US,40.7668,-72.8521,57.49,77,1,1.01,clear sky
338,Loudi,CN,27.7344,111.9944,54.01,76,77,2.93,broken clouds
339,Lompoc,US,34.6391,-120.4579,66.02,69,1,8.05,clear sky
340,Leningradskiy,RU,69.3833,178.4167,12.97,93,100,0.74,overcast clouds
341,Kochi,IN,9.9399,76.2602,75.18,86,83,6.4,light rain
342,Bira,RU,49.0,132.4667,31.32,32,0,4.56,clear sky
343,Borogontsy,RU,62.6683,131.1683,13.8,81,100,5.17,overcast clouds
344,Saint George,US,37.1041,-113.5841,74.95,21,1,1.99,clear sky
345,Naze,JP,28.3667,129.4833,72.57,60,100,13.58,overcast clouds
346,Batagay-Alyta,RU,67.8006,130.4114,-0.35,74,27,2.82,scattered clouds
347,Sao Joao Da Barra,BR,-21.6403,-41.0511,70.45,92,100,8.41,overcast clouds
348,Chemal,RU,51.4111,86.005,33.44,78,14,3.98,few clouds
349,Cabo San Lucas,MX,22.8909,-109.9124,83.61,65,20,10.36,few clouds
350,Mendi,PG,-6.1761,143.6513,61.29,93,100,2.04,overcast clouds
351,Christchurch,NZ,-43.5333,172.6333,71.8,40,67,13.8,broken clouds
352,Vao,NC,-22.6667,167.4833,73.31,89,100,12.1,light rain
353,Georgiyevka,KZ,43.0369,74.7114,35.64,93,4,2.24,fog
354,Yumen,CN,40.2833,97.2,45.68,23,100,4.65,overcast clouds
355,Meulaboh,ID,4.1363,96.1285,77.38,83,97,3.42,light rain
356,Hailin,CN,44.5833,129.4167,37.29,43,100,2.64,overcast clouds
357,Tessalit,ML,20.1986,1.0114,81.1,13,3,10.27,clear sky
358,Uruzgan,AF,32.8333,66.0,46.74,21,0,1.74,clear sky
359,Salou,ES,41.0766,1.1416,66.29,86,40,1.99,scattered clouds
360,Qui Nhon,VN,13.7667,109.2333,80.11,86,100,5.7,overcast clouds
361,Duiwelskloof,ZA,-23.6934,30.14,57.61,86,100,5.46,overcast clouds
362,Matara,LK,5.9485,80.5353,77.97,89,96,13.56,overcast clouds
363,Kattivakkam,IN,13.2167,80.3167,82.49,76,100,8.25,overcast clouds
364,Ginir,ET,7.1333,40.7,56.28,47,85,4.9,overcast clouds
365,Lezajsk,PL,50.2626,22.4193,46.22,78,99,7.47,overcast clouds
366,Ngunguru,NZ,-35.6167,174.5,72.16,63,2,8.46,clear sky
367,Goragorskiy,RU,43.5031,45.0792,52.02,82,100,5.06,overcast clouds
368,Vila Velha,BR,-20.3297,-40.2925,73.35,83,75,5.75,broken clouds
369,Yeniseysk,RU,58.4497,92.1703,31.19,93,70,4.76,broken clouds
370,Fortuna,US,40.5982,-124.1573,51.42,75,75,0.0,moderate rain
371,Akyab,MM,20.15,92.9,78.04,91,100,14.76,overcast clouds
372,Tautira,PF,-17.7333,-149.15,84.22,77,91,22.75,overcast clouds
373,Tonstad,NO,58.6626,6.7169,36.63,66,100,2.44,overcast clouds
374,Beloha,MG,-25.1667,45.05,69.08,92,0,3.83,clear sky
375,Daru,PG,-9.0763,143.2092,86.45,67,81,9.22,broken clouds
376,Yulara,AU,-25.2406,130.9889,92.12,13,5,10.98,clear sky
377,Kleive,NO,62.7954,7.6359,41.32,93,75,4.61,broken clouds
378,Pemangkat,ID,1.1667,108.9667,81.55,78,97,8.5,overcast clouds
379,Talnakh,RU,69.4865,88.3972,33.87,99,100,9.71,light rain
380,Port Macquarie,AU,-31.4333,152.9167,77.9,48,76,12.59,broken clouds
381,Alamosa,US,37.4695,-105.87,53.58,22,1,5.75,clear sky
382,Sindou,BF,10.6667,-5.1667,77.76,58,37,2.95,scattered clouds
383,Ipixuna,BR,-1.7625,-48.8043,78.75,96,22,4.65,few clouds
384,Ambilobe,MG,-13.2,49.05,71.1,72,1,5.37,clear sky
385,Miraflores,MX,19.2167,-98.8083,61.03,83,100,3.49,overcast clouds
386,Koupela,BF,12.1794,-0.3517,84.92,37,100,9.6,overcast clouds
387,Siavonga,ZM,-16.5382,28.7088,80.56,39,1,2.71,clear sky
388,Lata,PT,40.1629,-8.3327,66.04,96,100,1.72,overcast clouds
389,Bulgan,MN,48.8125,103.5347,31.01,48,0,1.99,clear sky
390,Puerto Colombia,CO,10.9878,-74.9547,81.12,78,93,4.65,overcast clouds
391,Huescar,ES,37.811,-2.5412,60.94,73,100,0.25,overcast clouds
392,Anloga,GH,5.7947,0.8973,79.75,86,100,13.33,light rain
393,Eyl,SO,7.9803,49.8164,76.69,86,100,7.29,overcast clouds
394,Rodrigues Alves,BR,-7.738,-72.6509,79.0,66,100,1.74,moderate rain
395,Inta,RU,66.0317,60.1659,36.01,97,100,12.39,light rain
396,Yefremov,RU,53.1481,38.0992,45.07,61,100,9.04,overcast clouds
397,Jaca,ES,42.569,-0.5499,48.4,83,18,3.06,few clouds
398,Olafsvik,IS,64.8945,-23.7142,36.95,90,100,22.37,moderate rain
399,Lovozero,RU,68.005,35.0117,34.63,87,99,7.83,light rain
400,Emerald,AU,-23.5333,148.1667,93.34,11,0,17.07,clear sky
401,Tura,IN,25.5198,90.2201,71.47,96,100,2.98,overcast clouds
402,Honggang,CN,46.4667,124.8667,36.05,43,21,10.42,few clouds
403,Lower Burrell,US,40.5531,-79.7573,49.48,94,8,5.61,clear sky
404,Maumere,ID,-8.6199,122.2111,84.85,71,54,3.69,broken clouds
405,Ibicarai,BR,-14.865,-39.5875,68.67,97,18,2.35,few clouds
406,Fraga,ES,41.5229,0.3489,63.43,75,12,1.63,few clouds
407,Kidal,ML,18.4411,1.4078,80.6,41,46,10.07,scattered clouds
408,Bambanglipuro,ID,-7.95,110.2833,83.68,67,73,2.93,broken clouds
409,Yerbogachen,RU,61.2767,108.0108,30.96,83,100,11.14,overcast clouds
410,Okha,RU,53.5739,142.9478,31.46,78,100,18.12,light snow
411,Dawei,MM,14.0833,98.2,74.12,93,100,3.47,overcast clouds
412,Mount Pleasant,US,32.7941,-79.8626,61.99,75,1,0.0,clear sky
413,Dingle,PH,10.9995,122.6711,83.89,80,26,9.19,scattered clouds
414,Zaria,NG,11.1113,7.7227,70.99,84,12,4.27,few clouds
415,Maniwaki,CA,46.3834,-75.966,41.45,91,95,4.09,overcast clouds
416,Inongo,CD,-1.95,18.2667,71.94,93,100,3.0,overcast clouds
417,Tromso,NO,69.6496,18.957,34.45,86,40,1.01,light snow
418,Copiapo,CL,-27.3667,-70.3333,51.49,56,0,1.5,clear sky
419,Yamethin,MM,20.4333,96.15,75.76,90,100,1.74,overcast clouds
420,Basco,PH,20.4487,121.9702,80.83,75,100,26.22,overcast clouds
421,Kindersley,CA,51.4668,-109.1682,63.39,23,100,10.11,overcast clouds
422,Carmo Do Rio Claro,BR,-20.9719,-46.1189,70.72,83,76,3.78,broken clouds
423,Tambura,SS,5.6,27.4667,69.64,96,100,2.95,overcast clouds
424,Balikpapan,ID,-1.2675,116.8289,79.79,94,20,4.61,few clouds
425,High Rock,BS,26.6208,-78.2833,80.62,74,0,19.48,clear sky
426,Nemuro,JP,43.3236,145.575,46.02,59,1,7.76,clear sky
427,Lewiston,US,44.1003,-70.2148,51.22,90,40,3.78,scattered clouds
428,Saint Simons,US,31.1352,-81.3901,66.02,71,1,0.0,clear sky
429,Milton,US,34.1322,-84.3007,58.12,73,0,6.93,clear sky
430,Nhulunbuy,AU,-12.2333,136.7667,88.41,58,40,9.22,scattered clouds
431,Maloy,NO,61.9353,5.1136,38.07,64,15,7.05,few clouds
432,Sorong,ID,-0.8833,131.25,83.52,72,17,2.84,few clouds
433,Kishanpur,IN,25.65,81.0167,77.97,85,100,9.15,overcast clouds
434,Sliven,BG,42.6858,26.3292,48.56,88,75,1.74,broken clouds
435,Mayo,US,38.8876,-76.5119,59.13,60,20,5.01,few clouds
436,Ulladulla,AU,-35.35,150.4667,73.76,37,5,0.94,clear sky
437,Xichang,CN,27.8964,102.2634,60.6,87,99,2.62,overcast clouds
438,Bure,ET,10.7,37.0667,51.91,86,2,4.72,clear sky
439,Cabatuan,PH,10.8794,122.486,83.46,80,11,10.07,few clouds
440,Dakar,SN,14.6937,-17.4441,79.68,78,100,9.8,overcast clouds
441,Svetlaya,RU,46.5389,138.3297,38.1,34,15,9.91,few clouds
442,Punto Fijo,VE,11.6956,-70.1996,84.34,72,23,11.59,few clouds
443,College,US,64.8569,-147.8028,34.59,66,75,3.44,broken clouds
444,Upington,ZA,-28.4478,21.2561,50.43,32,0,15.37,clear sky
445,Namatanai,PG,-3.6667,152.4333,86.5,62,47,7.09,scattered clouds
446,Verkhnyaya Inta,RU,65.9811,60.3094,35.6,97,100,10.47,overcast clouds
447,Khorixas,NA,-20.3667,14.9667,59.88,42,5,0.85,clear sky
448,Gushikawa,JP,26.3544,127.8686,78.39,53,20,9.22,few clouds
449,La Ronge,CA,55.1001,-105.2842,47.82,76,10,5.97,clear sky
450,Carlagan,PH,14.975,122.0456,81.16,81,100,14.58,heavy intensity rain
451,Buribay,RU,51.9617,58.1592,48.2,47,100,7.25,overcast clouds
452,Iralaya,HN,15.0,-83.2333,80.06,81,100,6.93,overcast clouds
453,Nalut,LY,30.3333,10.85,68.4,32,100,14.63,overcast clouds
454,Kyzyl-Suu,KG,42.3414,78.0056,41.63,41,0,6.82,clear sky
455,Bathsheba,BB,13.2167,-59.5167,81.21,83,20,6.91,few clouds
456,Luebo,CD,-5.35,21.4167,70.9,97,99,0.31,light rain
457,Kupang,ID,-10.1667,123.5833,88.38,62,20,5.75,few clouds
458,Camacha,PT,33.0833,-16.3333,67.42,83,40,4.61,scattered clouds
459,Slave Lake,CA,55.2834,-114.769,41.32,76,100,5.68,overcast clouds
460,Dunedin,NZ,-45.8742,170.5036,52.81,84,96,15.99,overcast clouds
461,Ust-Ishim,RU,57.6935,71.1665,35.46,81,35,5.48,scattered clouds
462,Waddan,LY,29.1614,16.139,69.76,44,0,18.52,clear sky
463,Tambilil,PH,5.9622,124.6697,86.49,65,100,2.13,overcast clouds
464,Caravelas,BR,-17.7125,-39.2481,75.42,83,16,6.24,few clouds
465,Miandrivazo,MG,-19.5167,45.4667,76.3,73,0,1.63,clear sky
466,Bischofswerda,DE,51.1277,14.1797,47.75,89,100,3.2,overcast clouds
467,Khasan,RU,42.4308,130.6434,47.16,49,100,3.47,overcast clouds
468,Gambo,CF,4.6482,22.2633,68.83,99,99,0.49,overcast clouds
469,Katsuura,JP,35.1333,140.3,65.19,66,99,21.52,overcast clouds
470,Sechura,PE,-5.5569,-80.8222,66.72,79,63,16.28,broken clouds
471,Susanville,US,40.4163,-120.653,55.24,35,1,11.01,clear sky
472,Ilhabela,BR,-23.7781,-45.3581,68.25,92,100,6.8,overcast clouds
473,Comodoro Rivadavia,AR,-45.8667,-67.5,55.36,52,9,11.54,clear sky
474,Bambous Virieux,MU,-20.3428,57.7575,72.21,78,40,12.66,scattered clouds
475,Aksu,CN,41.1231,80.2644,48.61,26,100,2.91,overcast clouds
476,Limoges,FR,45.75,1.3333,52.36,82,0,4.61,clear sky
477,Newport Beach,US,33.6189,-117.9289,74.03,75,20,7.0,few clouds
478,Kerouane,GN,9.2667,-9.0167,70.75,88,6,2.35,clear sky
479,Balancan,MX,17.8,-91.5333,74.32,93,100,7.99,overcast clouds
480,Farah,AF,32.5,62.5,53.19,16,0,3.83,clear sky
481,Iranshahr,IR,27.2025,60.6848,69.46,12,0,3.09,clear sky
482,Sorland,NO,67.667,12.6934,42.69,64,100,23.53,overcast clouds
483,Plouzane,FR,48.3833,-4.6167,60.89,97,90,14.97,mist
484,Havoysund,NO,70.9963,24.6622,36.48,75,100,26.42,overcast clouds
485,Beyneu,KZ,45.3167,55.2,48.76,56,53,11.03,broken clouds
486,Codrington,AU,-38.2667,141.9667,57.69,68,97,14.45,light rain
487,Augusto Correa,BR,-1.0217,-46.635,77.25,87,9,3.29,clear sky
488,Kuusamo,FI,65.9667,29.1833,33.84,93,75,10.36,broken clouds
489,Makakilo City,US,21.3469,-158.0858,78.69,70,96,18.72,overcast clouds
490,Sarh,TD,9.1429,18.3923,74.14,86,98,2.95,overcast clouds
491,Moose Factory,CA,51.2585,-80.6094,42.78,81,90,6.91,overcast clouds
492,Khani,GE,41.9563,42.9566,51.37,92,99,1.54,light rain
493,Champerico,GT,14.3,-91.9167,84.34,75,88,3.98,overcast clouds
494,San Cristobal,VE,7.7669,-72.225,65.91,90,100,2.8,overcast clouds
495,Sinegorskiy,RU,48.0139,40.8447,50.59,61,69,6.85,broken clouds
496,Panguipulli,CL,-39.6333,-72.3333,44.31,89,0,2.42,clear sky
497,Solnechnyy,RU,50.7214,136.6319,26.94,48,97,3.22,overcast clouds
498,Tamandare,BR,-8.7597,-35.1047,77.0,82,97,7.52,overcast clouds
499,Kyren,RU,51.6828,102.1408,29.8,75,5,1.32,clear sky
500,Asau,RO,46.4333,26.4,40.75,88,27,3.38,light snow
501,Albanel,CA,48.8832,-72.4487,46.54,88,100,5.93,overcast clouds
502,Coihaique,CL,-45.5752,-72.0662,49.95,62,90,4.61,overcast clouds
503,Lincoln,US,40.8,-96.667,65.17,50,1,1.99,clear sky
504,Merauke,ID,-8.4667,140.3333,86.38,66,33,7.67,scattered clouds
505,Huarmey,PE,-10.0681,-78.1522,64.08,85,100,9.84,overcast clouds
506,Puerto Pailas,BO,-17.667,-62.7909,77.92,57,54,5.01,broken clouds
507,Shimoda,JP,34.6667,138.95,58.1,61,8,20.09,clear sky
508,Husavik,IS,66.0449,-17.3389,33.87,94,100,22.82,snow
509,Richards Bay,ZA,-28.783,32.0377,59.68,87,100,14.7,moderate rain
510,Fort Nelson,CA,58.8053,-122.7002,34.29,67,6,2.3,clear sky
511,Otane,NZ,-39.8833,176.6333,64.38,37,4,12.19,clear sky
512,Kaputa,ZM,-8.4689,29.6619,75.15,69,100,2.24,overcast clouds
513,Saint Anthony,US,45.0205,-93.218,60.73,61,1,0.0,clear sky
514,Port Hawkesbury,CA,45.6169,-61.3485,60.91,99,90,11.99,moderate rain
515,Sterling,US,39.0062,-77.4286,56.34,71,20,5.99,few clouds
516,Strezhevoy,RU,60.7333,77.5889,40.98,91,62,8.52,broken clouds
517,Pinega,RU,64.7001,43.3936,35.49,97,100,8.55,light rain
518,Genhe,CN,50.7833,121.5167,25.43,58,9,2.42,clear sky
519,Port-Gentil,GA,-0.7193,8.7815,77.67,84,99,12.37,overcast clouds
520,Port Blair,IN,11.6667,92.75,81.45,83,100,9.55,overcast clouds
521,Belyy Yar,RU,53.6039,91.3903,17.49,100,90,0.0,fog
522,Havelock,US,34.8791,-76.9013,61.93,73,0,1.01,clear sky
523,Maragogi,BR,-9.0122,-35.2225,76.82,82,100,8.99,overcast clouds
524,Kulhudhuffushi,MV,6.6221,73.07,81.99,74,100,17.98,overcast clouds
525,Salinopolis,BR,-0.6136,-47.3561,79.9,82,62,10.0,broken clouds
526,Labuhan,ID,-6.8844,112.2051,85.91,66,99,8.43,overcast clouds
527,Xingtai,CN,37.0631,114.4942,53.11,62,24,3.87,few clouds
528,Atikokan,CA,48.7555,-91.6216,45.93,66,0,3.67,clear sky
529,Santa Maria,BR,-29.6842,-53.8069,55.56,82,0,8.5,clear sky
530,Malappuram,IN,11.0667,76.0667,75.36,100,90,5.75,overcast clouds
531,Ust-Maya,RU,60.4167,134.5333,17.55,66,100,7.78,overcast clouds
532,Zhigalovo,RU,54.8097,105.1578,26.65,78,12,1.72,few clouds
533,Eydhafushi,MV,5.1033,73.0708,81.32,77,100,19.53,moderate rain
534,Dong Hoi,VN,17.4833,106.6,70.29,89,100,13.78,heavy intensity rain
535,Aswan,EG,24.0934,32.907,79.52,22,0,13.94,clear sky
536,Ipoti,NG,7.8738,5.0769,69.15,96,100,2.35,overcast clouds
537,Ponta Delgada,PT,37.7333,-25.6667,72.32,100,75,12.66,broken clouds
538,Tete,MZ,-16.1564,33.5867,85.32,37,1,3.58,clear sky
539,Zelenoborskiy,RU,66.845,32.3622,36.03,86,89,9.73,overcast clouds
540,Markova,UA,48.6758,24.4138,37.15,90,71,4.27,broken clouds
541,Zharkent,KZ,44.1628,80.0,46.99,39,0,3.42,clear sky
542,Vidor,US,30.1316,-94.0155,64.35,53,100,3.62,overcast clouds
543,Sarangani,PH,5.4033,125.4636,84.07,76,100,17.13,overcast clouds
544,Dreux,FR,48.6667,1.25,42.51,70,10,6.29,clear sky
545,Muros,ES,42.7762,-9.0603,69.98,95,100,8.7,overcast clouds
546,Iquique,CL,-20.2208,-70.1431,59.04,76,56,3.98,broken clouds
547,Homestead,US,25.4687,-80.4776,82.02,85,1,1.99,clear sky
548,Livingston,GB,55.9029,-3.5226,54.68,99,90,2.3,fog
549,Tikrit,IQ,34.6071,43.6782,70.7,41,0,10.16,clear sky
550,Lazaro Cardenas,MX,17.9583,-102.2,81.01,81,4,5.57,clear sky
551,Pilar,BR,-9.5972,-35.9567,73.33,88,99,2.42,overcast clouds
552,Archidona,ES,37.0965,-4.3887,60.67,59,100,2.46,overcast clouds
553,Charters Towers,AU,-20.1,146.2667,91.67,28,14,6.29,few clouds
554,Artyom,AZ,40.4723,50.333,60.94,73,7,9.71,clear sky
555,Epe,NG,6.5841,3.9834,76.33,93,100,3.13,light rain
556,Nouadhibou,MR,20.931,-17.0347,75.49,54,0,15.37,clear sky
557,Te Anau,NZ,-45.4167,167.7167,59.2,65,15,2.71,few clouds
558,Alhama De Murcia,ES,37.851,-1.4251,65.25,80,4,0.65,clear sky
559,Shuyskoye,RU,59.3736,41.0305,35.22,91,6,8.63,clear sky
560,Kazerun,IR,29.6195,51.6541,70.5,45,0,2.13,clear sky
561,Tukrah,LY,32.5341,20.5791,67.75,65,72,2.42,broken clouds
562,Portobelo,PA,9.55,-79.65,80.62,83,100,2.37,overcast clouds
563,Acarau,BR,-2.8856,-40.12,80.08,84,5,16.69,clear sky
564,Vanimo,PG,-2.6741,141.3028,86.94,64,41,8.16,scattered clouds
565,Williston,US,48.147,-103.618,63.34,51,6,8.32,clear sky
566,Abu Samrah,SY,35.3029,37.1841,63.88,73,0,12.15,clear sky
567,Lyubim,RU,58.3625,40.6843,37.0,96,74,6.13,broken clouds
568,Manado,ID,1.487,124.8455,90.37,66,40,4.61,scattered clouds
569,Soe,ID,-9.8607,124.284,84.56,46,86,3.78,overcast clouds
570,Bosaso,SO,11.2842,49.1816,82.87,49,1,2.26,clear sky
571,Panama City,PA,8.9936,-79.5197,82.06,85,20,2.3,few clouds
572,Buala,SB,-8.145,159.5921,86.52,62,85,2.75,overcast clouds
573,Troitskoye,RU,52.9821,84.6757,35.01,83,7,4.61,clear sky
574,Bandarbeyla,SO,9.4942,50.8122,75.54,89,10,12.17,clear sky
575,Shieli,KZ,44.1667,66.75,49.84,29,3,9.73,clear sky
576,Phan Thiet,VN,10.9333,108.1,80.89,83,100,3.2,overcast clouds
577,Penarroya-Pueblonuevo,ES,38.3,-5.2667,62.71,89,99,3.04,overcast clouds
578,Moba,CN,33.2288,105.0179,44.11,83,75,1.52,broken clouds
579,Flin Flon,CA,54.7682,-101.865,48.58,64,100,5.99,overcast clouds
580,Horodkivka,UA,49.9068,28.9847,38.3,73,100,7.7,overcast clouds
581,Dindori,IN,22.95,81.0833,71.6,95,84,4.9,broken clouds
582,Lavrentiya,RU,65.5833,-171.0,25.16,68,100,9.71,overcast clouds
583,Ewa Beach,US,21.3156,-158.0072,82.35,61,75,18.41,broken clouds
584,Ratnagiri,IN,16.9833,73.3,78.6,78,7,5.46,clear sky
585,Jinji,CN,23.2281,110.8261,61.7,77,100,4.18,overcast clouds
586,Huntsville,US,34.7304,-86.5861,55.96,78,1,0.0,clear sky
587,Bijie,CN,27.3125,105.2942,49.19,93,100,2.73,overcast clouds
588,Grants,US,35.1473,-107.8514,59.23,29,1,8.05,clear sky
589,Nola,IT,40.922,14.5329,60.58,85,74,2.68,broken clouds
590,Islamkot,PK,24.6997,70.177,77.56,24,7,11.27,clear sky
591,Yilan,TW,24.757,121.753,73.36,99,100,1.5,overcast clouds
592,Kantang,TH,7.4054,99.5156,76.91,88,100,3.24,overcast clouds
593,Gunjur,GM,13.2019,-16.7339,77.07,100,75,0.0,broken clouds
594,Wladyslawowo,PL,54.7909,18.4009,44.94,74,25,12.73,scattered clouds
595,Grafton,US,42.207,-71.6856,53.82,79,1,1.99,clear sky
596,Saint-Pierre,RE,-21.3393,55.4781,71.24,70,0,4.61,clear sky
597,Samarai,PG,-10.6167,150.6667,83.97,74,100,12.08,overcast clouds
598,Llandrindod Wells,GB,52.2416,-3.3787,52.38,93,100,3.56,overcast clouds
599,Pahrump,US,36.2083,-115.9839,76.62,12,0,1.01,clear sky
600,Geghamasar,AM,40.3109,45.6792,44.42,61,6,0.63,clear sky
601,Paamiut,GL,61.994,-49.6678,33.12,42,0,6.24,clear sky
602,Boundiali,CI,9.5217,-6.4869,74.32,73,9,3.91,clear sky
603,Itoman,JP,26.1247,127.6694,79.18,61,40,18.41,scattered clouds
604,Celestun,MX,20.8667,-90.4,82.06,76,100,14.38,overcast clouds
605,Turka,UA,49.1541,23.0297,39.25,88,98,3.58,overcast clouds
606,Viransehir,TR,37.2353,39.7631,60.15,76,0,3.94,clear sky
607,Paita,PE,-5.0892,-81.1144,65.79,84,92,14.9,overcast clouds
608,Pogar,RU,52.554,33.2591,42.19,75,91,9.37,overcast clouds
609,Sao Felix Do Xingu,BR,-6.6447,-51.995,74.66,81,100,1.52,overcast clouds
610,Hirado,JP,33.3597,129.5531,63.36,58,94,15.48,overcast clouds
611,Fairbanks,US,64.8378,-147.7164,34.61,67,90,0.0,overcast clouds
612,Noyabrsk,RU,63.1994,75.4507,39.4,88,100,17.47,overcast clouds
613,Ninghai,CN,29.2892,121.4247,59.74,75,100,4.83,light rain
614,Atasu,KZ,48.6814,71.6433,39.16,46,0,7.67,clear sky
615,Gao,ML,16.6362,1.637,81.34,49,99,9.17,overcast clouds
616,Port Hedland,AU,-20.3167,118.5667,80.65,54,32,11.5,scattered clouds
617,Kutum,SD,14.2,24.6667,75.31,21,6,7.63,clear sky
618,Nsoko,SZ,-27.0333,31.95,58.39,86,100,12.66,light rain
619,Omboue,GA,-1.5746,9.2618,75.29,86,75,6.8,broken clouds
620,Conceicao Do Araguaia,BR,-8.2578,-49.2647,79.57,67,100,0.22,overcast clouds
621,Nueva Helvecia,UY,-34.3,-57.2333,57.6,73,62,9.13,broken clouds
622,Ucluelet,CA,48.9329,-125.5528,53.1,83,95,1.01,overcast clouds
623,Aguimes,ES,27.9054,-15.4461,74.03,38,0,11.5,clear sky
624,Abnub,EG,27.2696,31.1511,74.7,36,96,8.01,overcast clouds
625,Santa Cruz,BO,-17.8,-63.1667,76.46,57,75,5.75,broken clouds
626,Ahipara,NZ,-35.1667,173.1667,65.37,70,3,8.01,clear sky
627,Monrovia,LR,6.3005,-10.7969,78.26,85,14,7.47,moderate rain
628,Viedma,AR,-40.8135,-62.9967,47.77,68,0,4.45,clear sky
629,Alugan,PH,12.2188,125.4808,83.55,79,54,7.61,broken clouds
630,Vidim,RU,56.4088,103.1106,27.25,80,27,2.93,scattered clouds
631,Llata,PE,-9.4167,-76.7833,54.34,82,100,0.94,overcast clouds
632,Rocha,UY,-34.4833,-54.3333,48.81,74,100,5.95,moderate rain
633,Marsa Matruh,EG,31.3525,27.2453,69.55,65,0,8.01,clear sky
634,Jalu,LY,29.0331,21.5482,67.93,42,0,8.14,clear sky
635,Fuerte Olimpo,PY,-21.0415,-57.8738,69.71,78,100,5.17,overcast clouds
636,Barabai,ID,-2.5833,115.3833,81.12,81,100,1.32,overcast clouds
637,Nouakchott,MR,18.0858,-15.9785,85.12,33,22,12.48,few clouds
638,Teya,RU,60.3778,92.6267,33.57,95,100,4.0,overcast clouds
639,Brokopondo,SR,4.75,-55.1667,77.85,88,100,5.91,overcast clouds
640,Hokitika,NZ,-42.7167,170.9667,56.61,92,59,11.03,broken clouds
641,Yeppoon,AU,-23.1333,150.7333,82.18,49,0,13.8,clear sky
642,Auki,SB,-8.7676,160.7034,86.49,62,21,5.12,few clouds
643,San Joaquin,US,37.9333,-121.3011,69.35,53,1,33.38,clear sky
644,Nombre De Jesus,HN,15.35,-86.6833,71.01,98,98,1.34,overcast clouds
645,Gangarampur,IN,25.4,88.5167,75.7,95,100,11.99,overcast clouds
646,Salamiyah,SY,35.0113,37.0532,63.23,78,1,12.28,clear sky
647,Xanlar,AZ,40.5869,46.3158,54.91,88,90,4.61,overcast clouds
648,Biltine,TD,14.5333,20.9167,82.36,24,8,8.72,clear sky
649,Pacific Grove,US,36.6177,-121.9166,61.99,83,75,5.99,broken clouds
650,Nagamangala,IN,12.8156,76.7575,71.29,96,79,7.96,broken clouds
651,Stornoway,GB,58.2093,-6.3865,53.92,94,75,5.75,broken clouds
652,Guangyuan,CN,32.442,105.823,54.39,83,100,2.15,overcast clouds
653,Log,RU,49.4844,43.8613,52.23,77,100,4.18,light rain
654,Tokur,RU,53.1333,132.9,16.3,71,73,1.95,broken clouds
655,Bisira,PA,8.5196,-81.7115,61.39,99,100,1.97,overcast clouds
656,Tucupita,VE,9.0622,-62.051,77.54,89,99,3.91,overcast clouds
657,Sovetskiy,RU,61.3614,63.5842,37.62,86,98,7.54,overcast clouds
658,Buinsk,RU,54.95,48.2833,47.75,69,100,6.17,overcast clouds
659,Tignere,CM,7.3667,12.65,65.64,93,100,0.98,overcast clouds
660,Pandan,PH,14.0453,124.1694,82.09,84,79,9.91,heavy intensity rain
661,Siniscola,IT,40.5719,9.6922,47.75,62,0,4.23,clear sky
662,Kahului,US,20.8947,-156.47,85.26,75,100,13.0,overcast clouds
663,Lubango,AO,-14.9172,13.4925,61.88,35,0,4.29,clear sky
664,Porto Novo,BJ,6.4965,2.6036,77.63,91,100,5.97,moderate rain
665,Nipawin,CA,53.3668,-104.0009,55.15,40,95,5.88,overcast clouds
666,Kapuskasing,CA,49.4169,-82.4331,39.29,93,90,6.91,overcast clouds
667,Puro,PH,12.4841,123.3827,83.16,77,10,9.37,clear sky
668,Cururupu,BR,-1.8283,-44.8683,75.18,89,30,2.24,scattered clouds
669,Qaqortoq,GL,60.7167,-46.0333,32.5,80,100,2.24,overcast clouds
670,Natal,BR,-5.795,-35.2094,77.65,88,40,4.61,scattered clouds
671,Victoria Point,AU,-27.5833,153.3,79.02,68,100,3.0,overcast clouds
672,Necochea,AR,-38.5473,-58.7368,47.03,82,0,6.04,clear sky
673,Cayenne,GF,4.9333,-52.3333,82.09,84,13,1.01,few clouds
674,Salta,AR,-24.7859,-65.4117,68.58,42,100,1.99,overcast clouds
675,Podor,MR,16.6527,-14.9587,88.11,31,100,11.1,overcast clouds
676,Hingatungan,PH,10.584,125.1852,84.18,76,29,7.87,scattered clouds
677,Dandong,CN,40.1292,124.3947,43.59,67,100,4.94,overcast clouds
678,Tual,ID,-5.6667,132.75,83.75,71,84,5.68,broken clouds
679,Whitianga,NZ,-36.8333,175.7,68.13,59,0,10.04,clear sky
680,Wanning,CN,18.8003,110.3967,77.97,89,100,16.37,light rain
681,Mokrousovo,RU,55.8103,66.7653,37.78,68,29,6.93,scattered clouds
682,Les Cayes,HT,18.2,-73.75,79.83,79,14,3.58,few clouds
